text,category
Excited to share my latest machine learning project built with Python and Scikit-learn.,PROJECT
Built a car price prediction model using Python Pandas and Linear Regression.,PROJECT
Just completed a sentiment analysis project using natural language processing.,PROJECT
Developed a student performance prediction system using machine learning.,PROJECT
Created a data visualization dashboard to analyze business performance.,PROJECT
Built my first end-to-end data science project from data cleaning to model evaluation.,PROJECT
Worked on a recommendation system that suggests products based on user preferences.,PROJECT
Developed a web application that integrates machine learning predictions with a user interface.,PROJECT
Created a customer churn prediction model using historical customer data.,PROJECT
Built a classification model to identify different categories of LinkedIn content.,PROJECT
Completed a project using FastAPI to serve a machine learning model through REST APIs.,PROJECT
Developed an NLP project that analyzes and classifies text using TF-IDF.,PROJECT
Built a sales forecasting project using Python and time series techniques.,PROJECT
Created a dashboard in Power BI to understand sales and customer trends.,PROJECT
Worked on a computer vision project to classify images using machine learning.,PROJECT
Built a data cleaning pipeline using Pandas to prepare a messy dataset for analysis.,PROJECT
Created a Python application that predicts house prices from property features.,PROJECT
"Developed a machine learning pipeline combining preprocessing, training, and evaluation.",PROJECT
Built an exploratory data analysis project to uncover patterns in a real-world dataset.,PROJECT
Completed a full-stack application combining Next.js with a Python backend.,PROJECT
Excited to start my new internship and begin the next chapter of my career.,CAREER
Happy to announce that I have joined a new organization as a software development intern.,CAREER
Today marks the beginning of an exciting new role in data science.,CAREER
Thrilled to share that I have started my journey as a machine learning intern.,CAREER
Grateful to begin a new professional chapter and learn from an experienced team.,CAREER
Excited to announce my first opportunity in the technology industry.,CAREER
I am happy to share that I have accepted a new internship opportunity.,CAREER
Starting a new role has given me the opportunity to work with talented professionals.,CAREER
Looking forward to growing my skills through my new role in analytics.,CAREER
Beginning my professional journey with a focus on artificial intelligence and data.,CAREER
Excited about the opportunity to contribute to real-world technology projects.,CAREER
Happy to take the next step in my career and continue learning every day.,CAREER
Today I begin a new role where I will work on data analytics projects.,CAREER
Grateful for the opportunity to enter the professional world and gain practical experience.,CAREER
Starting my internship journey with plenty of new challenges and opportunities ahead.,CAREER
Excited to work alongside a team and turn what I have learned into practical solutions.,CAREER
Proud to begin my career journey in the field of artificial intelligence.,CAREER
Looking forward to applying my technical skills in a professional environment.,CAREER
Beginning a new chapter focused on software engineering and continuous learning.,CAREER
Happy to share an important milestone as I start my first professional technology role.,CAREER
Excited to share that our team won first place at the university hackathon.,ACHIEVEMENT
Honored to receive an award for outstanding performance in our technology competition.,ACHIEVEMENT
Proud to announce that I successfully completed a challenging machine learning competition.,ACHIEVEMENT
Grateful to have been recognized for my contribution to a collaborative project.,ACHIEVEMENT
Happy to share that I achieved one of my biggest academic milestones this year.,ACHIEVEMENT
Delighted to announce that our project was selected as one of the top submissions.,ACHIEVEMENT
Proud moment after successfully presenting our project to a panel of industry experts.,ACHIEVEMENT
Excited to share that I secured a top position in a technical competition.,ACHIEVEMENT
Grateful to receive recognition for my work in data analytics.,ACHIEVEMENT
Successfully completed a challenging project and learned a great deal along the way.,ACHIEVEMENT
Celebrating a milestone that required months of consistent effort and learning.,ACHIEVEMENT
Happy to share that I was selected for recognition during our college technology event.,ACHIEVEMENT
Proud of our team for reaching the final round of the innovation challenge.,ACHIEVEMENT
Excited to announce that our solution received positive recognition from the judges.,ACHIEVEMENT
Successfully completed an important milestone in my technical learning journey.,ACHIEVEMENT
Honored to be recognized for leadership and contribution during a student project.,ACHIEVEMENT
Grateful to everyone who supported me while working toward this achievement.,ACHIEVEMENT
Celebrating the successful completion of my first major data science challenge.,ACHIEVEMENT
Proud to have represented my college in a competitive technology event.,ACHIEVEMENT
Excited to celebrate another milestone in my journey toward becoming a data professional.,ACHIEVEMENT
Excited to share that I completed my AWS certification.,CERTIFICATION
Successfully earned a certification in Python programming.,CERTIFICATION
Happy to announce that I have completed a professional certification in data analytics.,CERTIFICATION
Grateful to have earned my certification in machine learning fundamentals.,CERTIFICATION
Just completed an online certification focused on SQL and database management.,CERTIFICATION
Excited to add a new cloud computing certification to my professional journey.,CERTIFICATION
Successfully completed a certification covering data visualization and business intelligence.,CERTIFICATION
Happy to share that I earned a certification in artificial intelligence.,CERTIFICATION
Completed my certification in Microsoft Power BI and data analysis.,CERTIFICATION
Proud to have successfully passed my Python developer certification exam.,CERTIFICATION
Earned a new certification after weeks of focused preparation and practice.,CERTIFICATION
Excited to announce that I completed a course and received my professional certificate.,CERTIFICATION
Successfully achieved certification in foundational cybersecurity concepts.,CERTIFICATION
Grateful for the opportunity to strengthen my skills through a structured certification program.,CERTIFICATION
Completed a certification covering statistics and data science concepts.,CERTIFICATION
Happy to add another technical certification to my learning portfolio.,CERTIFICATION
Successfully completed a professional certificate in web development.,CERTIFICATION
Excited to share my latest certification in generative artificial intelligence.,CERTIFICATION
Earned a certificate after completing an intensive course on machine learning.,CERTIFICATION
Proud to have completed another certification as part of my continuous learning journey.,CERTIFICATION
One important thing I learned while studying Python is the value of writing readable code.,LEARNING
Recently learned how TF-IDF can convert text into numerical features for machine learning.,LEARNING
I learned that good data cleaning can significantly improve the quality of a machine learning model.,LEARNING
Today I explored how Logistic Regression can be used for text classification.,LEARNING
One lesson from my recent project is that understanding the dataset comes before choosing a model.,LEARNING
I recently learned how train-test splits help evaluate whether a model generalizes to unseen data.,LEARNING
Learning Pandas has changed the way I approach data cleaning and exploration.,LEARNING
I discovered how feature engineering can improve the performance of machine learning models.,LEARNING
One thing I learned about APIs is how they allow different applications to communicate with each other.,LEARNING
"Recently I learned the difference between precision, recall, and accuracy in classification problems.",LEARNING
I learned that model evaluation is just as important as model training.,LEARNING
Exploring NLP taught me how text preprocessing can affect machine learning results.,LEARNING
I recently learned how confusion matrices help identify which classes a classifier struggles with.,LEARNING
Learning Git has made it much easier to track changes throughout my development projects.,LEARNING
I learned that simple models can perform surprisingly well when the data is prepared properly.,LEARNING
Recently discovered how regularization can help reduce overfitting in machine learning.,LEARNING
Learning SQL has helped me understand how structured data can be queried efficiently.,LEARNING
I learned that readable documentation makes technical projects easier for others to understand.,LEARNING
Studying data visualization taught me how charts can reveal patterns that are difficult to see in raw data.,LEARNING
One of my biggest lessons recently has been the importance of testing software before deployment.,LEARNING
Let us understand how TF-IDF converts text into numerical features for machine learning.,EDUCATIONAL
Here is a simple explanation of how logistic regression works for classification.,EDUCATIONAL
Feature engineering is the process of creating useful input variables from existing data.,EDUCATIONAL
Machine learning models learn patterns from data rather than following explicitly written rules.,EDUCATIONAL
Precision measures how many predicted positive results are actually positive.,EDUCATIONAL
Recall measures how many of the actual positive examples were successfully identified.,EDUCATIONAL
A confusion matrix provides a useful view of correct and incorrect classification predictions.,EDUCATIONAL
Train-test splitting helps us measure how well a machine learning model performs on unseen data.,EDUCATIONAL
Natural language processing allows computers to work with and understand human language.,EDUCATIONAL
TF-IDF gives higher importance to words that are important in a document but less common across documents.,EDUCATIONAL
Cross-validation is a technique used to evaluate machine learning models across multiple data splits.,EDUCATIONAL
Overfitting happens when a model learns the training data too closely and performs poorly on new data.,EDUCATIONAL
Underfitting occurs when a model is too simple to capture important patterns in the data.,EDUCATIONAL
Python libraries such as Pandas and NumPy are widely used for data analysis and numerical computing.,EDUCATIONAL
APIs provide a structured way for different software systems to exchange data and functionality.,EDUCATIONAL
FastAPI can be used to create high-performance APIs for Python applications.,EDUCATIONAL
Data preprocessing prepares raw data before it is passed into a machine learning algorithm.,EDUCATIONAL
Classification is a supervised learning task where a model predicts a category or class.,EDUCATIONAL
Regression models are commonly used when the target variable is a continuous numerical value.,EDUCATIONAL
Model accuracy alone may not be enough when evaluating an imbalanced classification problem.,EDUCATIONAL
Implemented a machine learning pipeline that predicts customer churn from historical customer records.,PROJECT
Created an NLP application that categorizes professional social media posts.,PROJECT
Built a recommendation engine using user interaction data and Python.,PROJECT
Developed a portfolio website connected to a Python REST API.,PROJECT
Created a fraud detection prototype using supervised learning techniques.,PROJECT
Built a dashboard for monitoring key business performance indicators.,PROJECT
Developed a text classification system using TF-IDF features and Logistic Regression.,PROJECT
Created an automated data preprocessing workflow for a machine learning project.,PROJECT
Built a predictive analytics application that estimates future sales.,PROJECT
Developed a student admission prediction model using structured data.,PROJECT
Created a Python tool that analyzes datasets and generates statistical summaries.,PROJECT
"Built an end-to-end project combining data analysis, machine learning, and visualization.",PROJECT
Developed a web interface for interacting with a trained machine learning model.,PROJECT
Created a Power BI dashboard to communicate business insights from sales data.,PROJECT
Built a classification project that predicts categories from text input.,PROJECT
"Developed a data science project involving cleaning, exploration, visualization, and modeling.",PROJECT
Created a machine learning prototype for predicting house prices from property information.,PROJECT
Built a REST API that exposes predictions from a trained classification model.,PROJECT
Developed an analytics project to identify trends in customer behavior.,PROJECT
"Created a Python application that combines Pandas, Scikit-learn, and data visualization.",PROJECT
Excited to begin my first internship in the field of artificial intelligence.,CAREER
Happy to share that I have started working as a data analytics intern.,CAREER
Proud to begin a new professional chapter focused on machine learning.,CAREER
Excited to join a team where I can apply my Python and data science skills.,CAREER
Grateful for the opportunity to gain real-world experience in software development.,CAREER
Looking forward to learning from industry professionals during my internship.,CAREER
Happy to announce my new role in a technology-focused organization.,CAREER
Starting my professional journey with a focus on data and artificial intelligence.,CAREER
Excited to take on new responsibilities as I begin my internship.,CAREER
Beginning a new chapter where I can turn technical knowledge into practical experience.,CAREER
Looking forward to contributing to meaningful projects in my new role.,CAREER
Happy to start a role that will challenge me to grow both technically and professionally.,CAREER
Excited about my transition from academic learning to professional experience.,CAREER
Grateful to start working with a team that values learning and collaboration.,CAREER
Proud to take my first step toward a career in data science.,CAREER
Looking forward to building new skills through hands-on industry experience.,CAREER
Excited to begin working on real-world problems as part of my new role.,CAREER
Happy to share the beginning of an exciting journey in technology.,CAREER
Starting a new opportunity that will help me grow as a developer and problem solver.,CAREER
Grateful for the chance to begin my career with an organization that encourages learning.,CAREER
Our team successfully secured first place in the college hackathon.,ACHIEVEMENT
Proud to have completed one of the most challenging technical competitions I have participated in.,ACHIEVEMENT
Excited to share that our project reached the final stage of the innovation challenge.,ACHIEVEMENT
Honored to receive recognition for excellence in a university technology event.,ACHIEVEMENT
Proud moment after presenting our solution to a panel of judges.,ACHIEVEMENT
Successfully achieved a major milestone after months of preparation.,ACHIEVEMENT
Happy to share that my team was among the top performers in the competition.,ACHIEVEMENT
Grateful to receive an award for my contribution to a technical project.,ACHIEVEMENT
Proud of completing a challenging data science competition successfully.,ACHIEVEMENT
Excited that our solution was selected as one of the best submissions.,ACHIEVEMENT
Honored to be recognized for my work during a college technology event.,ACHIEVEMENT
Celebrating the successful completion of an important professional milestone.,ACHIEVEMENT
Proud to represent my college in a competitive technology event.,ACHIEVEMENT
Happy to announce that I secured a top position in a technical challenge.,ACHIEVEMENT
Excited to celebrate the result of months of consistent effort and practice.,ACHIEVEMENT
Grateful to everyone who supported me while working toward this milestone.,ACHIEVEMENT
Proud that our team successfully delivered the project under challenging conditions.,ACHIEVEMENT
Successfully completed an important milestone in my journey as a technology student.,ACHIEVEMENT
Happy to receive positive recognition for my contribution to a collaborative project.,ACHIEVEMENT
Excited to celebrate another meaningful achievement in my technical journey.,ACHIEVEMENT
Successfully earned a professional certificate in data science fundamentals.,CERTIFICATION
Happy to announce that I completed a certification in cloud computing.,CERTIFICATION
Proud to have earned a certificate in SQL and database management.,CERTIFICATION
Excited to add a machine learning certification to my portfolio.,CERTIFICATION
Successfully completed a professional program in Python programming.,CERTIFICATION
Grateful to have completed a structured certification in data visualization.,CERTIFICATION
Happy to share my latest certificate in artificial intelligence fundamentals.,CERTIFICATION
Successfully passed an online certification examination in analytics.,CERTIFICATION
Excited to complete a certification focused on Power BI.,CERTIFICATION
Proud to earn another credential as part of my technical development.,CERTIFICATION
Completed a professional certificate covering statistics for data science.,CERTIFICATION
Happy to add a new web development certification to my learning portfolio.,CERTIFICATION
Successfully earned a credential in foundational cybersecurity concepts.,CERTIFICATION
Excited to complete a certification in generative artificial intelligence.,CERTIFICATION
Grateful for the knowledge gained while completing my latest certification program.,CERTIFICATION
Proud to successfully finish a certification after weeks of preparation.,CERTIFICATION
Happy to announce another certification milestone in my technology journey.,CERTIFICATION
Completed a certificate focused on practical machine learning concepts.,CERTIFICATION
Excited to share that I successfully completed my latest professional course and certification.,CERTIFICATION
Proud to add another recognized certification to my technical portfolio.,CERTIFICATION
I learned that choosing the right features can make a major difference in model performance.,LEARNING
Recently discovered how important data quality is for reliable machine learning results.,LEARNING
I learned that preprocessing text can strongly influence a classifier.,LEARNING
One lesson from my recent project was the importance of testing assumptions about data.,LEARNING
I recently learned how probability scores can help interpret classification predictions.,LEARNING
Working with real datasets taught me that data is rarely as clean as examples in tutorials.,LEARNING
I learned that simple baseline models are useful before trying complex algorithms.,LEARNING
Recently discovered how visualization can reveal patterns hidden inside numerical data.,LEARNING
I learned that model performance should always be evaluated on unseen data.,LEARNING
One thing I learned about APIs is the importance of validating incoming data.,LEARNING
I recently learned why imbalanced datasets can make accuracy misleading.,LEARNING
Working on NLP taught me that word representations strongly affect text classification.,LEARNING
I learned how version control makes experimentation safer during software projects.,LEARNING
Recently discovered how regularization can improve generalization.,LEARNING
I learned that clear project requirements can save significant development time.,LEARNING
One lesson from building applications is that error handling should be considered early.,LEARNING
I recently learned how feature scaling affects some machine learning algorithms.,LEARNING
Working with Pandas taught me several efficient approaches to cleaning tabular data.,LEARNING
I learned that documenting experiments makes it easier to understand model changes.,LEARNING
Recently discovered that interpreting model errors can be more useful than looking only at the final score.,LEARNING
A decision tree is a supervised learning algorithm that makes predictions using a sequence of decision rules.,EDUCATIONAL
TF-IDF represents documents numerically by considering the importance of terms within a document collection.,EDUCATIONAL
Precision and recall are evaluation metrics commonly used for classification models.,EDUCATIONAL
A classification model predicts a discrete label from one or more input features.,EDUCATIONAL
A regression model predicts a continuous numerical output based on input variables.,EDUCATIONAL
Data normalization transforms numerical values into a comparable scale.,EDUCATIONAL
Tokenization is the process of breaking text into smaller units such as words or tokens.,EDUCATIONAL
Stop words are common words that may be removed during some text preprocessing workflows.,EDUCATIONAL
A feature vector is a numerical representation of information used as input to a machine learning model.,EDUCATIONAL
Supervised learning uses labeled examples to train a model to make predictions.,EDUCATIONAL
Unsupervised learning identifies patterns in data without predefined target labels.,EDUCATIONAL
A validation dataset can be used to tune model choices before final evaluation on test data.,EDUCATIONAL
A pipeline combines multiple machine learning processing steps into a reproducible workflow.,EDUCATIONAL
Logistic Regression estimates probabilities that can be used to assign observations to classes.,EDUCATIONAL
A vocabulary contains the terms recognized by a text vectorization method.,EDUCATIONAL
N-grams are sequences of consecutive words or tokens used as features in natural language processing.,EDUCATIONAL
Model generalization describes how well a trained model performs on previously unseen data.,EDUCATIONAL
A baseline model provides a simple reference point against which more advanced approaches can be compared.,EDUCATIONAL
Hyperparameters are configuration values selected before or during the training process.,EDUCATIONAL
"A classification report summarizes precision, recall, F1-score, and support for each predicted class.",EDUCATIONAL
Precision measures the proportion of predicted positive cases that are actually positive.,EDUCATIONAL
Recall measures the proportion of actual positive cases that a classification model successfully identifies.,EDUCATIONAL
F1 score combines precision and recall into a single evaluation metric.,EDUCATIONAL
TF IDF assigns higher importance to terms that are frequent in one document but less common across the collection.,EDUCATIONAL
A confusion matrix compares predicted class labels with the actual class labels.,EDUCATIONAL
Train test splitting separates data into training and evaluation subsets.,EDUCATIONAL
Feature scaling transforms numerical features so that they operate on comparable scales.,EDUCATIONAL
Logistic regression can be used for classification by estimating the probability of class membership.,EDUCATIONAL
A pipeline combines multiple machine learning preprocessing and modeling steps into one workflow.,EDUCATIONAL
Classification assigns an input to one of several predefined categories.,EDUCATIONAL
A feature is an input variable used by a machine learning model to make predictions.,EDUCATIONAL
Overfitting occurs when a model learns training data too closely and performs poorly on unseen data.,EDUCATIONAL
Underfitting occurs when a model is too simple to capture useful patterns in the training data.,EDUCATIONAL
Cross validation evaluates a model across multiple training and validation splits.,EDUCATIONAL
A vocabulary in text vectorization contains the terms recognized from the training documents.,EDUCATIONAL
Tokenization breaks text into smaller units that can be processed by a machine learning system.,EDUCATIONAL
A classification label represents the category that a supervised learning model is trained to predict.,EDUCATIONAL
The training set is used by a supervised learning algorithm to learn patterns from labeled examples.,EDUCATIONAL
The test set is used to evaluate how well a trained model performs on previously unseen examples.,EDUCATIONAL
Model accuracy represents the proportion of predictions that match the actual labels.,EDUCATIONAL
I learned that precision and recall provide different perspectives when evaluating a classification model.,LEARNING
Working with TF IDF taught me how text can be transformed into numerical features.,LEARNING
I recently discovered why separating training and testing data is important for evaluating models.,LEARNING
One lesson I learned from machine learning is that clean input data matters significantly.,LEARNING
Building a classifier helped me understand the practical difference between precision and recall.,LEARNING
I learned how a confusion matrix can reveal which categories a model struggles to distinguish.,LEARNING
Working with feature scaling helped me understand why numerical features sometimes need normalization.,LEARNING
I learned that logistic regression can be useful for predicting discrete categories.,LEARNING
This project taught me how combining preprocessing and modeling steps can simplify an ML workflow.,LEARNING
I gained a better understanding of how classification models assign labels to new data.,LEARNING
I learned how individual features can influence the predictions produced by a machine learning model.,LEARNING
Studying overfitting helped me understand why strong training performance does not always mean good generalization.,LEARNING
I recently learned how underfitting can happen when a model is not complex enough to capture useful patterns.,LEARNING
Cross validation helped me understand why evaluating a model on multiple splits can be useful.,LEARNING
Working with text vectorization taught me how a vocabulary is created from documents.,LEARNING
I learned how tokenization prepares text for further natural language processing tasks.,LEARNING
This experience helped me understand the role of labels in supervised machine learning.,LEARNING
I learned why a model needs separate training and testing data.,LEARNING
Working with an unseen test set taught me why evaluation should happen on data the model did not train on.,LEARNING
One of my biggest takeaways was understanding how accuracy summarizes classification performance.,LEARNING
Built a Python application for analyzing structured datasets.,PROJECT
Developed a machine learning pipeline for predicting outcomes from tabular data.,PROJECT
Created a data visualization dashboard to explore business metrics.,PROJECT
Implemented a text classification prototype using Python and machine learning.,PROJECT
Developed an automated preprocessing workflow for a data science project.,PROJECT
Built a recommendation system using user interaction data.,PROJECT
Created a sentiment analysis application for processing text data.,PROJECT
Developed a predictive analytics project using historical datasets.,PROJECT
Built a data cleaning workflow using Pandas.,PROJECT
Created a classification system using TF IDF features.,PROJECT
Developed a Python tool for exploring and visualizing datasets.,PROJECT
Built a machine learning application that processes structured input data.,PROJECT
Created an end to end data science pipeline from preprocessing to evaluation.,PROJECT
Developed a prototype for analyzing customer feedback.,PROJECT
Built a small application for predicting values from numerical features.,PROJECT
Created a machine learning model for classifying text documents.,PROJECT
Developed a Python project combining data preprocessing and visualization.,PROJECT
Built an experimental NLP pipeline for text analysis.,PROJECT
Created a predictive model using Scikit learn.,PROJECT
Developed a data analysis project using Python and Pandas.,PROJECT
I am excited to begin the next stage of my professional journey.,CAREER
Looking forward to gaining practical experience in a professional environment.,CAREER
Grateful for the opportunity to grow my skills through a new role.,CAREER
Starting a new chapter in my career with plenty to learn.,CAREER
I am looking forward to learning from experienced professionals.,CAREER
Excited to apply my technical skills in a professional setting.,CAREER
Beginning a new professional opportunity focused on continued growth.,CAREER
Looking forward to developing my skills through real world experience.,CAREER
Grateful for the opportunity to take another step toward my career goals.,CAREER
I am excited to continue building my professional experience.,CAREER
Starting my journey toward a career in technology and data.,CAREER
Looking forward to contributing while learning from my new team.,CAREER
Excited about the opportunities ahead in my professional journey.,CAREER
I am ready to apply what I have learned in a professional environment.,CAREER
Beginning a new role that will help me grow as a developer.,CAREER
Looking forward to expanding my professional network and skills.,CAREER
Grateful to begin a new opportunity that aligns with my interests.,CAREER
Excited to gain practical experience and develop professionally.,CAREER
Starting a new chapter with a focus on learning and career development.,CAREER
Looking forward to taking on new professional challenges.,CAREER
Proud to have completed an important milestone in my journey.,ACHIEVEMENT
Excited to share that I successfully completed a challenging goal.,ACHIEVEMENT
Happy to celebrate an accomplishment that required consistent effort.,ACHIEVEMENT
Proud of the progress I made while working toward this milestone.,ACHIEVEMENT
Excited to share a milestone that represents months of effort.,ACHIEVEMENT
Grateful to see the results of the work I put into this challenge.,ACHIEVEMENT
Proud to have reached an important goal in my technical journey.,ACHIEVEMENT
Happy to celebrate completing a challenging task successfully.,ACHIEVEMENT
Excited to share a personal milestone in my learning journey.,ACHIEVEMENT
Proud of the dedication that helped me reach this goal.,ACHIEVEMENT
Successfully completed a challenging technical milestone.,ACHIEVEMENT
Happy to share an accomplishment that pushed me outside my comfort zone.,ACHIEVEMENT
Proud to have represented my team in a competitive event.,ACHIEVEMENT
Excited to celebrate reaching the final stage of a challenge.,ACHIEVEMENT
Grateful for the experience of working toward this achievement.,ACHIEVEMENT
Proud to have completed a demanding technical challenge.,ACHIEVEMENT
Happy to recognize a milestone that required persistence and learning.,ACHIEVEMENT
Excited to share the successful completion of an important goal.,ACHIEVEMENT
Proud of what I accomplished through consistent effort.,ACHIEVEMENT
Celebrating a meaningful achievement in my technical journey.,ACHIEVEMENT
Excited to share that I earned a new professional certification.,CERTIFICATION
Happy to add another certification to my learning portfolio.,CERTIFICATION
Proud to have completed a certification focused on data science.,CERTIFICATION
Excited to share my latest technical certification.,CERTIFICATION
Grateful for the learning experience that came with earning this certification.,CERTIFICATION
Happy to complete a certification that strengthened my technical knowledge.,CERTIFICATION
Proud to add a new credential to my professional profile.,CERTIFICATION
Excited to announce the completion of my latest certification.,CERTIFICATION
Completed a certification program focused on machine learning concepts.,CERTIFICATION
Happy to earn a certificate that supports my continued learning.,CERTIFICATION
Proud to have completed another step in my professional development.,CERTIFICATION
Excited to share a new certification in artificial intelligence.,CERTIFICATION
Grateful for the opportunity to strengthen my knowledge through certification.,CERTIFICATION
Happy to complete a structured certification program.,CERTIFICATION
Proud to have earned a professional certificate in data analytics.,CERTIFICATION
Excited to add another technical credential to my portfolio.,CERTIFICATION
Successfully completed a certification focused on Python and data analysis.,CERTIFICATION
Happy to share my progress through a newly earned certification.,CERTIFICATION
Proud to have earned a certification after completing the required learning.,CERTIFICATION
Excited to continue my professional development with a new certification.,CERTIFICATION
Thrilled to share that I have started a new role and begun my professional journey.,CAREER
Excited to share the beginning of my career journey in the technology field.,CAREER
Proud to begin a new professional journey focused on gaining industry experience.,CAREER
Happy to share that I have started a new internship and entered the professional world.,CAREER
Excited to share that I completed a certification in machine learning.,CERTIFICATION
Proud to announce that I earned another professional certification.,CERTIFICATION
Happy to celebrate completing a certification focused on data science.,CERTIFICATION
This certification is an important milestone in my technical learning journey.,CERTIFICATION
Let us understand how precision measures the correctness of positive predictions.,EDUCATIONAL
Let us learn how recall measures the ability of a model to identify positive cases.,EDUCATIONAL
This explanation helps us understand how TF IDF represents text numerically.,EDUCATIONAL
Let us understand why model evaluation is important in machine learning.,EDUCATIONAL
"To understand classification, consider how a model assigns predefined labels.",EDUCATIONAL
Let us explore how accuracy is calculated from correct and incorrect predictions.,EDUCATIONAL
Understanding confusion matrices helps explain the relationship between predicted and actual labels.,EDUCATIONAL
Let us examine how a train test split is used to evaluate a model.,EDUCATIONAL
I learned how TF IDF converts documents into numerical representations.,LEARNING
Working with model evaluation helped me understand why accuracy is not always enough.,LEARNING
I learned that precision and recall measure different aspects of classification performance.,LEARNING
This project taught me how confusion matrices reveal classification errors.,LEARNING
I gained a better understanding of how train test splits help evaluate generalization.,LEARNING
Learning about TF IDF helped me understand how text becomes numerical features.,LEARNING
I discovered why evaluating a model requires more than looking at accuracy alone.,LEARNING
Working on classification taught me how different evaluation metrics describe model performance.,LEARNING
Built a machine learning application for analyzing structured data.,PROJECT
Created a Python project for exploring and visualizing datasets.,PROJECT
Developed a data science pipeline combining preprocessing and model evaluation.,PROJECT
Implemented a text analysis project using natural language processing.,PROJECT
Built a data analytics dashboard to visualize important business metrics.,PROJECT
Created a classification project using Python and Scikit-learn.,PROJECT
Developed an application that processes and analyzes text data.,PROJECT
Built an automated data preprocessing workflow for a machine learning project.,PROJECT
Excited to begin my professional career in data science and analytics.,CAREER
Looking forward to growing professionally through my new technology role.,CAREER
Grateful to start a new career opportunity where I can apply my technical skills.,CAREER
Beginning a new professional role that will help me develop industry experience.,CAREER
Proud to have successfully completed an important technical goal.,ACHIEVEMENT
Excited to celebrate reaching a meaningful milestone through consistent effort.,ACHIEVEMENT
Happy to share an accomplishment that represents significant progress.,ACHIEVEMENT
Proud of successfully completing a challenging technical task.,ACHIEVEMENT
Excited to celebrate successfully reaching an important project milestone.,ACHIEVEMENT
Proud to have achieved a major goal after months of consistent effort.,ACHIEVEMENT
Happy to share an accomplishment that reflects my dedication and hard work.,ACHIEVEMENT
Successfully completed a challenging goal and gained valuable experience along the way.,ACHIEVEMENT
Excited to share that I completed a professional certification in machine learning.,CERTIFICATION
Proud to announce that I earned another certification in data science.,CERTIFICATION
Happy to share my newly completed certification in artificial intelligence.,CERTIFICATION
Completed a technical certification that strengthened my knowledge of analytics.,CERTIFICATION
